# Famous games library (G1). One row per game of famous_games.pgn, same order. Descriptions are Palaya's own words.
id	era	title	white	black	year	result	description
mcdonnell-labourdonnais-1834	romantic	McDonnell vs La Bourdonnais, 1834	Alexander McDonnell	Louis-Charles Mahé de La Bourdonnais	1834	0-1	The 16th game of the fourth match between Alexander McDonnell and Louis-Charles Mahé de La Bourdonnais, played in London in 1834.
immortal-game-1851	romantic	The Immortal Game	Adolf Anderssen	Lionel Kieseritzky	1851	1-0	A casual game played in London in 1851, the year of the first international chess tournament; known ever since as the Immortal Game.
evergreen-game-1852	romantic	The Evergreen Game	Adolf Anderssen	Jean Dufresne	1852	1-0	A casual game played in Berlin in 1852 by Adolf Anderssen and Jean Dufresne; known as the Evergreen Game.
paulsen-morphy-1857	romantic	Paulsen vs Morphy, New York 1857	Louis Paulsen	Paul Morphy	1857	0-1	Played at the First American Chess Congress in New York in 1857, which Paul Morphy won.
opera-game-1858	romantic	The Opera Game	Paul Morphy	Duke Karl of Brunswick and Count Isouard	1858	1-0	Played in 1858 in a box at the Paris opera, against two noblemen consulting together; known as the Opera Game.
morphy-anderssen-1858	romantic	Morphy vs Anderssen, Paris 1858	Paul Morphy	Adolf Anderssen	1858	1-0	The ninth game of the 1858 match in Paris between Paul Morphy and Adolf Anderssen, which Morphy won.
dubois-steinitz-1862	romantic	Dubois vs Steinitz, London 1862	Serafino Dubois	Wilhelm Steinitz	1862	0-1	Played at the London tournament of 1862, the first international tournament of the future world champion Wilhelm Steinitz.
immortal-draw-1872	romantic	The Immortal Draw	Carl Hamppe	Philipp Meitner	1872	1/2-1/2	Played in Vienna in 1872 by Carl Hamppe and Philipp Meitner; known as the Immortal Draw.
zukertort-blackburne-1883	classical	Zukertort vs Blackburne, London 1883	Johannes Zukertort	Joseph Henry Blackburne	1883	1-0	Played at the London tournament of 1883, which Johannes Zukertort won ahead of Wilhelm Steinitz.
wcc-1886-game-1	classical	The first world championship, game 1	Johannes Zukertort	Wilhelm Steinitz	1886	0-1	The first game of the 1886 match between Wilhelm Steinitz and Johannes Zukertort, the first match for the title of world champion.
wcc-1886-game-20	classical	The first world championship, game 20	Wilhelm Steinitz	Johannes Zukertort	1886	1-0	The 20th and last game of the 1886 match, played in New Orleans; Steinitz won the match and became the first official world champion.
lasker-bauer-1889	classical	Lasker vs Bauer, Amsterdam 1889	Emanuel Lasker	Johann Bauer	1889	1-0	Played in Amsterdam in 1889 by the 20-year-old Emanuel Lasker, five years before he became world champion.
tarrasch-marco-1892	classical	Tarrasch vs Marco, Dresden 1892	Siegbert Tarrasch	Georg Marco	1892	1-0	Played at the Dresden tournament of 1892, which Siegbert Tarrasch won; the opening trap in it is named after him.
wcc-1894-game-19	classical	Lasker takes the title, 1894	Emanuel Lasker	Wilhelm Steinitz	1894	1-0	Game 19 of the 1894 title match, played in Montreal; with this win Emanuel Lasker took the world championship from Wilhelm Steinitz.
steinitz-bardeleben-1895	classical	Steinitz vs von Bardeleben, Hastings 1895	Wilhelm Steinitz	Curt von Bardeleben	1895	1-0	Played at the great Hastings tournament of 1895; Curt von Bardeleben left the hall instead of resigning and lost on time.
pillsbury-lasker-1896	classical	Pillsbury vs Lasker, Saint Petersburg 1896	Harry Nelson Pillsbury	Emanuel Lasker	1896	0-1	Played at the four-player tournament in Saint Petersburg in 1895-96, which the world champion Emanuel Lasker won.
pillsbury-lasker-1904	classical	Pillsbury vs Lasker, Cambridge Springs 1904	Harry Nelson Pillsbury	Emanuel Lasker	1904	1-0	Played at Cambridge Springs in 1904, eight years after their game in Saint Petersburg, against the reigning world champion.
lasker-napier-1904	classical	Lasker vs Napier, Cambridge Springs 1904	Emanuel Lasker	William Ewart Napier	1904	1-0	Played at Cambridge Springs in 1904 between the world champion Emanuel Lasker and the young William Napier.
rotlewi-rubinstein-1907	classical	Rubinstein's Immortal	Georg Rotlewi	Akiba Rubinstein	1907	0-1	Played in Lodz in 1907 between Georg Rotlewi and Akiba Rubinstein; known as Rubinstein's Immortal.
wcc-1910-game-10	classical	Lasker vs Schlechter, 1910, game 10	Emanuel Lasker	Carl Schlechter	1910	1-0	The tenth and last game of the 1910 title match; Lasker's win levelled the match and he kept the world championship.
reti-tartakower-1910	classical	Réti vs Tartakower, Vienna 1910	Richard Réti	Savielly Tartakower	1910	1-0	A casual game played in Vienna in 1910 between Richard Réti and Savielly Tartakower; one of the best-known short games.
roesch-schlage-1910	classical	Roesch vs Schlage, Hamburg 1910	Roesch	Willi Schlage	1910	0-1	Played in Hamburg in 1910; the chess game in the film 2001: A Space Odyssey follows its final moves.
capablanca-bernstein-1911	classical	Capablanca vs Bernstein, San Sebastián 1911	José Raúl Capablanca	Ossip Bernstein	1911	1-0	Played at San Sebastián in 1911, the tournament José Raúl Capablanca won on his first appearance among Europe's leading masters.
levitsky-marshall-1912	classical	The Gold Coins Game	Stepan Levitsky	Frank Marshall	1912	0-1	Played at Breslau in 1912; known as the Gold Coins Game from the story that spectators showered the board with gold coins.
ed-lasker-thomas-1912	classical	Edward Lasker vs Thomas, London 1912	Edward Lasker	George Alan Thomas	1912	1-0	A casual game played in London in 1912, famous for a king hunt that takes the black king across the whole board.
lasker-capablanca-1914	classical	Lasker vs Capablanca, Saint Petersburg 1914	Emanuel Lasker	José Raúl Capablanca	1914	1-0	Played in the final stage of the Saint Petersburg tournament of 1914, which Lasker won half a point ahead of Capablanca.
wcc-1921-game-10	interwar	Capablanca's title match, game 10	Emanuel Lasker	José Raúl Capablanca	1921	0-1	Game 10 of the 1921 title match in Havana, in which José Raúl Capablanca won the world championship from Emanuel Lasker.
bogoljubov-alekhine-1922	interwar	Bogoljubov vs Alekhine, Hastings 1922	Efim Bogoljubov	Alexander Alekhine	1922	0-1	Played at Hastings in 1922 between Efim Bogoljubov and Alexander Alekhine, five years before Alekhine became world champion.
samisch-nimzowitsch-1923	interwar	The Immortal Zugzwang Game	Friedrich Sämisch	Aron Nimzowitsch	1923	0-1	Played in Copenhagen in 1923 between Friedrich Sämisch and Aron Nimzowitsch; known as the Immortal Zugzwang Game.
reti-alekhine-1925	interwar	Réti vs Alekhine, Baden-Baden 1925	Richard Réti	Alexander Alekhine	1925	0-1	Played at the Baden-Baden tournament of 1925, which Alexander Alekhine won.
wcc-1927-game-34	interwar	Alekhine takes the title, 1927	Alexander Alekhine	José Raúl Capablanca	1927	1-0	Game 34, the last of the 1927 title match in Buenos Aires, with which Alexander Alekhine won the world championship from Capablanca.
polish-immortal	interwar	The Polish Immortal	Glucksberg	Miguel Najdorf	1930	0-1	Played in Warsaw by the young Miguel Najdorf, on a date that sources give as 1928, 1929 or 1930; known as the Polish Immortal.
sultan-khan-capablanca-1930	interwar	Sultan Khan vs Capablanca, Hastings 1930	Mir Sultan Khan	José Raúl Capablanca	1930	1-0	Played at Hastings in 1930-31; a win by Mir Sultan Khan over the former world champion José Raúl Capablanca.
peruvian-immortal-1934	interwar	The Peruvian Immortal	Esteban Canal	NN	1934	1-0	Played by Esteban Canal of Peru against an amateur in a simultaneous exhibition in Budapest in 1934; known as the Peruvian Immortal.
wcc-1935-game-26	interwar	The Pearl of Zandvoort	Max Euwe	Alexander Alekhine	1935	1-0	Game 26 of the 1935 title match, played in Zandvoort; Max Euwe won the match and the world championship. Known as the Pearl of Zandvoort.
botvinnik-capablanca-1938	interwar	Botvinnik vs Capablanca, AVRO 1938	Mikhail Botvinnik	José Raúl Capablanca	1938	1-0	Played in Rotterdam during the AVRO tournament of 1938, between the future champion Mikhail Botvinnik and the former champion Capablanca.
uruguayan-immortal-1943	interwar	The Uruguayan Immortal	B. Molinari	Luis Roux Cabral	1943	0-1	Played in the 1943 Uruguayan Championship between B. Molinari and Luis Roux Cabral; known as the Uruguayan Immortal.
wcc-1951-game-23	postwar	Botvinnik vs Bronstein, 1951, game 23	Mikhail Botvinnik	David Bronstein	1951	1-0	Game 23 of the 1951 title match in Moscow; Botvinnik's win levelled the match, which ended drawn so that he kept his title.
botvinnik-smyslov-1954-game-14	postwar	Botvinnik vs Smyslov, 1954, game 14	Mikhail Botvinnik	Vasily Smyslov	1954	1-0	Game 14 of the 1954 title match in Moscow between Mikhail Botvinnik and Vasily Smyslov.
game-of-the-century-1956	postwar	The Game of the Century	Donald Byrne	Robert James Fischer	1956	0-1	Played in New York in 1956 by the 13-year-old Bobby Fischer against Donald Byrne; known as the Game of the Century.
wcc-1960-game-1	postwar	Tal vs Botvinnik, 1960, game 1	Mikhail Tal	Mikhail Botvinnik	1960	1-0	The first game of the 1960 title match in Moscow, which the 23-year-old Mikhail Tal won to become world champion.
wcc-1960-game-6	postwar	Botvinnik vs Tal, 1960, game 6	Mikhail Botvinnik	Mikhail Tal	1960	0-1	Game 6 of the 1960 title match in Moscow, won by the challenger Mikhail Tal with the black pieces.
wcc-1961-game-21	postwar	Botvinnik vs Tal, 1961, game 21	Mikhail Botvinnik	Mikhail Tal	1961	1-0	Game 21, the last of the 1961 return match in Moscow, in which Mikhail Botvinnik regained the world championship from Mikhail Tal.
wcc-1963-game-19	postwar	Petrosian vs Botvinnik, 1963, game 19	Tigran Petrosian	Mikhail Botvinnik	1963	1-0	Game 19 of the 1963 title match in Moscow, which Tigran Petrosian won to become world champion.
wcc-1966-game-10	postwar	Petrosian vs Spassky, 1966, game 10	Tigran Petrosian	Boris Spassky	1966	1-0	Game 10 of the 1966 title match in Moscow, won by the world champion Tigran Petrosian, who kept his title.
wcc-1969-game-19	postwar	Spassky vs Petrosian, 1969, game 19	Boris Spassky	Tigran Petrosian	1969	1-0	Game 19 of the 1969 title match in Moscow, which Boris Spassky won to become world champion.
spassky-bronstein-1960	postwar	Spassky vs Bronstein, Leningrad 1960	Boris Spassky	David Bronstein	1960	1-0	Played in the 1960 Soviet championship in Leningrad; a version of its final position appears in the film From Russia with Love.
sundin-andersson-1964	postwar	Sundin vs Andersson, correspondence 1964	Arvid Sundin	Erik Andersson	1964	1-0	A correspondence game between two Swedish players, 1964-65; its final position was printed on a Swedish postage stamp in 1985.
larsen-spassky-1970	postwar	Larsen vs Spassky, Belgrade 1970	Bent Larsen	Boris Spassky	1970	0-1	Played at the 1970 match in Belgrade between the Soviet Union and the Rest of the World, on first board.
wcc-1972-game-6	postwar	Fischer vs Spassky, 1972, game 6	Robert James Fischer	Boris Spassky	1972	1-0	Game 6 of the 1972 title match in Reykjavík, which Bobby Fischer won to become world champion.
wcc-1972-game-13	postwar	Spassky vs Fischer, 1972, game 13	Boris Spassky	Robert James Fischer	1972	0-1	Game 13 of the 1972 title match in Reykjavík, a long game won by Bobby Fischer with the black pieces.
bagirov-gufeld-1973	postwar	Bagirov vs Gufeld, Kirovabad 1973	Vladimir Bagirov	Eduard Gufeld	1973	0-1	Played in Kirovabad in 1973; Eduard Gufeld called this win his Mona Lisa.
wcc-1978-game-32	postwar	Karpov vs Korchnoi, 1978, game 32	Anatoly Karpov	Viktor Korchnoi	1978	1-0	Game 32, the last of the 1978 title match in Baguio; Anatoly Karpov's sixth win kept him world champion.
wcc-1984-game-32	postwar	Kasparov vs Karpov, 1984, game 32	Garry Kasparov	Anatoly Karpov	1984	1-0	Game 32 of the 1984-85 title match in Moscow, Garry Kasparov's first win of a match that was later stopped without a result.
wcc-1985-game-16	kasparov	Karpov vs Kasparov, 1985, game 16	Anatoly Karpov	Garry Kasparov	1985	0-1	Game 16 of the 1985 title match in Moscow, won by the challenger Garry Kasparov with the black pieces.
wcc-1985-game-24	kasparov	Kasparov takes the title, 1985	Anatoly Karpov	Garry Kasparov	1985	0-1	Game 24, the last of the 1985 title match in Moscow; Kasparov's win made him, at 22, the youngest world champion up to then.
wcc-1986-game-16	kasparov	Kasparov vs Karpov, 1986, game 16	Garry Kasparov	Anatoly Karpov	1986	1-0	Game 16 of the 1986 title match, played in Leningrad, between Garry Kasparov and Anatoly Karpov.
wcc-1986-game-22	kasparov	Kasparov vs Karpov, 1986, game 22	Garry Kasparov	Anatoly Karpov	1986	1-0	Game 22 of the 1986 title match in Leningrad; with this win Garry Kasparov reached the 12 points he needed to keep his title.
wcc-1990-game-20	kasparov	Kasparov vs Karpov, 1990, game 20	Garry Kasparov	Anatoly Karpov	1990	1-0	Game 20 of the 1990 title match, the fifth match between Garry Kasparov and Anatoly Karpov, played in Lyon.
wcc-1987-game-24	kasparov	Kasparov vs Karpov, 1987, game 24	Garry Kasparov	Anatoly Karpov	1987	1-0	Game 24, the last of the 1987 title match in Seville; Garry Kasparov needed a win to keep his title, and won.
ivanchuk-yusupov-1991	kasparov	Ivanchuk vs Yusupov, Brussels 1991	Vassily Ivanchuk	Artur Yusupov	1991	0-1	Played in Brussels in 1991 in the Candidates quarter-final match between Vassily Ivanchuk and Artur Yusupov.
kasparovs-immortal-1999	kasparov	Kasparov's Immortal	Garry Kasparov	Veselin Topalov	1999	1-0	Played at the Hoogovens tournament in Wijk aan Zee in 1999 between Garry Kasparov and Veselin Topalov; known as Kasparov's Immortal.
kasparov-vs-the-world-1999	kasparov	Kasparov versus the World	Garry Kasparov	The World	1999	1-0	Played over the internet in 1999: Garry Kasparov against moves chosen by a vote of thousands of players from many countries.
anand-radjabov-2003	kasparov	Anand vs Radjabov, Dortmund 2003	Viswanathan Anand	Teimour Radjabov	2003	0-1	Played at Dortmund in 2003, when Teimour Radjabov was 16, against Viswanathan Anand.
wcc-2006-game-2	modern	Topalov vs Kramnik, 2006, game 2	Veselin Topalov	Vladimir Kramnik	2006	0-1	Game 2 of the 2006 reunification match in Elista between Veselin Topalov and Vladimir Kramnik.
wcc-2006-tiebreak-4	modern	Kramnik vs Topalov, 2006, rapid tiebreak	Vladimir Kramnik	Veselin Topalov	2006	1-0	The fourth rapid game of the 2006 tiebreak in Elista; Vladimir Kramnik's win reunified the world championship title.
wcc-2008-game-6	modern	Anand vs Kramnik, 2008, game 6	Viswanathan Anand	Vladimir Kramnik	2008	1-0	Game 6 of the 2008 title match in Bonn, which Viswanathan Anand won.
wcc-2010-game-12	modern	Topalov vs Anand, 2010, game 12	Veselin Topalov	Viswanathan Anand	2010	0-1	Game 12, the last of the 2010 title match in Sofia; Viswanathan Anand's win decided the match.
wcc-2012-game-8	modern	Anand vs Gelfand, 2012, game 8	Viswanathan Anand	Boris Gelfand	2012	1-0	Game 8 of the 2012 title match in Moscow; at 17 moves, one of the shortest decisive games in world championship history.
anands-immortal-2013	modern	Anand's Immortal	Levon Aronian	Viswanathan Anand	2013	0-1	Played in round 4 of the Tata Steel tournament in Wijk aan Zee in 2013; known as Anand's Immortal.
wcc-2013-game-5	modern	Carlsen vs Anand, 2013, game 5	Magnus Carlsen	Viswanathan Anand	2013	1-0	Game 5 of the 2013 title match in Chennai, Magnus Carlsen's first win on the way to the world championship.
wcc-2013-game-6	modern	Anand vs Carlsen, 2013, game 6	Viswanathan Anand	Magnus Carlsen	2013	0-1	Game 6 of the 2013 title match in Chennai, Magnus Carlsen's second win of the match.
wcc-2013-game-9	modern	Anand vs Carlsen, 2013, game 9	Viswanathan Anand	Magnus Carlsen	2013	0-1	Game 9 of the 2013 title match in Chennai, Magnus Carlsen's third win of the match.
wcc-2014-game-11	modern	Carlsen vs Anand, 2014, game 11	Magnus Carlsen	Viswanathan Anand	2014	1-0	Game 11 of the 2014 title match in Sochi; Magnus Carlsen's win kept his world championship.
wcc-2016-game-10	modern	Carlsen vs Karjakin, 2016, game 10	Magnus Carlsen	Sergey Karjakin	2016	1-0	Game 10 of the 2016 title match in New York, Magnus Carlsen's first win of the match, which levelled the score.
wcc-2016-tiebreak-4	modern	Carlsen vs Karjakin, 2016, rapid tiebreak	Magnus Carlsen	Sergey Karjakin	2016	1-0	The fourth rapid game of the 2016 tiebreak in New York, played on Magnus Carlsen's birthday; his win kept the title.
wcc-2018-tiebreak-3	modern	Carlsen vs Caruana, 2018, rapid tiebreak	Magnus Carlsen	Fabiano Caruana	2018	1-0	The third rapid game of the 2018 tiebreak in London, after twelve drawn games; Magnus Carlsen won all three rapid games and kept his title.
wcc-2021-game-6	modern	Carlsen vs Nepomniachtchi, 2021, game 6	Magnus Carlsen	Ian Nepomniachtchi	2021	1-0	Game 6 of the 2021 title match in Dubai; at 136 moves, the longest game ever played in a world championship match.
wcc-2021-game-8	modern	Carlsen vs Nepomniachtchi, 2021, game 8	Magnus Carlsen	Ian Nepomniachtchi	2021	1-0	Game 8 of the 2021 title match in Dubai, Magnus Carlsen's second win of the match.
wcc-2023-game-4	modern	Ding vs Nepomniachtchi, 2023, game 4	Ding Liren	Ian Nepomniachtchi	2023	1-0	Game 4 of the 2023 title match in Astana, Ding Liren's first win of the match.
wcc-2023-game-12	modern	Ding vs Nepomniachtchi, 2023, game 12	Ding Liren	Ian Nepomniachtchi	2023	1-0	Game 12 of the 2023 title match in Astana, a win by Ding Liren that levelled the match.
wcc-2023-tiebreak-4	modern	Nepomniachtchi vs Ding, 2023, rapid tiebreak	Ian Nepomniachtchi	Ding Liren	2023	0-1	The fourth rapid game of the 2023 tiebreak in Astana; Ding Liren's win made him the first world champion from China.
wcc-2024-game-1	modern	Gukesh vs Ding, 2024, game 1	Gukesh Dommaraju	Ding Liren	2024	0-1	The first game of the 2024 title match in Singapore, won by the defending champion Ding Liren with the black pieces.
wcc-2024-game-3	modern	Gukesh vs Ding, 2024, game 3	Gukesh Dommaraju	Ding Liren	2024	1-0	Game 3 of the 2024 title match in Singapore, Gukesh Dommaraju's first win of the match.
wcc-2024-game-11	modern	Gukesh vs Ding, 2024, game 11	Gukesh Dommaraju	Ding Liren	2024	1-0	Game 11 of the 2024 title match in Singapore, which put Gukesh Dommaraju ahead in the match for the first time.
wcc-2024-game-14	modern	Ding vs Gukesh, 2024, game 14	Ding Liren	Gukesh Dommaraju	2024	0-1	Game 14, the last of the 2024 title match in Singapore; the win made the 18-year-old Gukesh Dommaraju the youngest undisputed world champion.
deep-blue-kasparov-1996-game-1	computers	Deep Blue vs Kasparov, 1996, game 1	Deep Blue	Garry Kasparov	1996	1-0	The first game of the 1996 match in Philadelphia, the first game a computer won against a reigning world champion under tournament conditions.
kasparov-deep-blue-1996-game-2	computers	Kasparov vs Deep Blue, 1996, game 2	Garry Kasparov	Deep Blue	1996	1-0	The second game of the 1996 match in Philadelphia, which Garry Kasparov won to level the score; he went on to win the match.
kasparov-deep-blue-1996-game-6	computers	Kasparov vs Deep Blue, 1996, game 6	Garry Kasparov	Deep Blue	1996	1-0	The sixth and last game of the 1996 match in Philadelphia; Garry Kasparov's win gave him the match by 4 points to 2.
kasparov-deep-blue-1997-game-1	computers	Kasparov vs Deep Blue, 1997, game 1	Garry Kasparov	Deep Blue	1997	1-0	The first game of the 1997 rematch in New York, won by Garry Kasparov.
deep-blue-kasparov-1997-game-6	computers	Deep Blue vs Kasparov, 1997, game 6	Deep Blue	Garry Kasparov	1997	1-0	The sixth and last game of the 1997 rematch in New York; Deep Blue's win made it the first computer to beat a world champion in a match.
