# Where each famous game's moves come from (G1, docs/FAMOUS_GAMES.md). Moves only; no annotations were taken.
# second_check: same-moves | same-position (a transposition or a different but equal piece choice) | prefix (the second source stops earlier) | none
id	source_url	second_source_url	second_check	second_plies	second_final_board	notes
mcdonnell-labourdonnais-1834	https://en.wikipedia.org/wiki/McDonnell–La_Bourdonnais,_match_4,_game_16	https://de.wikipedia.org/wiki/McDonnell_–_Labourdonnais,_London_1834	same-moves	74	3b2rk/3P2pp/8/p7/8/2Q5/PP1pppPP/3R3K	-
immortal-game-1851	https://en.wikipedia.org/wiki/Immortal_Game	https://de.wikipedia.org/wiki/Unsterbliche_Partie	same-moves	45	r1bk3r/p2pBpNp/n4n2/1p1NP2P/6P1/3P4/P1P1K3/q5b1	-
evergreen-game-1852	https://en.wikipedia.org/wiki/Evergreen_Game	https://de.wikipedia.org/wiki/Immergrüne_Partie	same-moves	47	1r3kr1/pbpBBp1p/1b3P2/8/8/2P2q2/P4PPP/3R2K1	-
paulsen-morphy-1857	https://en.wikipedia.org/wiki/Paul_Morphy#Notable_games	-	none	-	-	-
opera-game-1858	https://en.wikipedia.org/wiki/Opera_Game	https://de.wikipedia.org/wiki/Morphy_–_Karl_von_Braunschweig_und_Graf_Isoard,_Paris_1858	same-moves	33	1n1Rkb1r/p4ppp/4q3/4p1B1/4P3/8/PPP2PPP/2K5	-
morphy-anderssen-1858	https://en.wikipedia.org/wiki/Paul_Morphy#Morphy_vs._Adolf_Anderssen,_game_9_(1858)	-	none	-	-	-
dubois-steinitz-1862	https://de.wikipedia.org/wiki/Dubois_–_Steinitz,_London_1862	-	none	-	-	-
immortal-draw-1872	https://en.wikipedia.org/wiki/Immortal_Draw	https://ru.wikipedia.org/wiki/Бессмертная_ничья	same-moves	36	r2k3r/1bp2ppp/1pK5/p2pp3/8/P7/1PPP2PP/R1BQ2NR	-
zukertort-blackburne-1883	https://de.wikipedia.org/wiki/Zukertort_–_Blackburne,_London_1883	-	none	-	-	-
wcc-1886-game-1	https://de.wikipedia.org/wiki/Schachweltmeisterschaft_1886/Partien#1._Partie	https://en.wikipedia.org/wiki/World_Chess_Championship_1886#Game_1:_Zukertort–Steinitz,_0–1	same-moves	92	1r6/p7/2p4R/P1Pp1kp1/3P1bp1/2K5/4N1q1/5R2	-
wcc-1886-game-20	https://de.wikipedia.org/wiki/Schachweltmeisterschaft_1886/Partien#20._Partie	https://en.wikipedia.org/wiki/World_Chess_Championship_1886#Game_20:_Steinitz–Zukertort,_1–0	same-moves	37	r6r/pppbbk1p/7p/3P4/6N1/3B1NP1/PPP3K1/R3Q3	-
lasker-bauer-1889	https://en.wikipedia.org/wiki/Lasker_versus_Bauer,_Amsterdam,_1889	https://ca.wikipedia.org/wiki/Lasker_-_Bauer_(Amsterdam,_1889)	same-moves	75	8/8/1p1rk3/8/7P/1P1Q4/P1PP2P1/6K1	de.wikipedia gives moves 6 and 7 in the other order (a transposition to the same position)
tarrasch-marco-1892	https://de.wikipedia.org/wiki/Tarrasch_–_Marco,_Dresden_1892	https://ca.wikipedia.org/wiki/Parany_de_Tarrasch	same-moves	35	4r1k1/ppp1B1pp/8/2nr1p2/2P5/5P2/PP4PP/R3R1K1	-
wcc-1894-game-19	https://de.wikipedia.org/wiki/Schachweltmeisterschaft_1894#19._Partie	https://en.wikipedia.org/wiki/World_Chess_Championship_1894#Game_19:_Lasker–Steinitz,_1–0	same-moves	103	8/8/2kn3R/1pn5/4P2p/P4P2/2K5/2B5	-
steinitz-bardeleben-1895	https://de.wikipedia.org/wiki/Steinitz_–_von_Bardeleben,_Hastings_1895	https://es.wikipedia.org/wiki/Inmortal_de_Steinitz	same-moves	49	r1r4k/pp1q3R/5pp1/3p2N1/6Q1/8/PP3PPP/2R3K1	-
pillsbury-lasker-1896	https://de.wikipedia.org/wiki/Pillsbury_–_Lasker,_Sankt_Petersburg_1896	https://fr.wikipedia.org/wiki/Pillsbury_-_Lasker,_Saint-Pétersbourg_1896	prefix	60	8/p5pk/4Qb1p/1K1p4/2qP4/8/P2R2PP/3R4	-
pillsbury-lasker-1904	https://en.wikipedia.org/wiki/1904_Cambridge_Springs_International_Chess_Congress#Pillsbury's_revenge	-	none	-	-	-
lasker-napier-1904	https://de.wikipedia.org/wiki/Lasker_–_Napier,_Cambridge_Springs_1904	https://en.wikipedia.org/wiki/William_Ewart_Napier	same-moves	69	7k/4N1bp/r7/p4KP1/n7/P3B2R/2P5/8	-
rotlewi-rubinstein-1907	https://en.wikipedia.org/wiki/Rotlewi_versus_Rubinstein	https://de.wikipedia.org/wiki/Rubinsteins_Unsterbliche_Partie	same-moves	50	6k1/5ppp/pb2p3/1p2P3/1P2bPnP/P6r/1B4QP/R4R1K	-
wcc-1910-game-10	https://de.wikipedia.org/wiki/Lasker_–_Schlechter,_Berlin_1910,_10._Wettkampfpartie	-	none	-	-	-
reti-tartakower-1910	https://de.wikipedia.org/wiki/Réti_–_Tartakower,_Wien_1910	-	none	-	-	-
roesch-schlage-1910	https://en.wikipedia.org/wiki/Poole_versus_HAL_9000	https://de.wikipedia.org/wiki/Roesch_–_Schlage,_Hamburg_1910	same-moves	30	5rk1/2p1bppp/Q7/1p2n3/5n2/2P2q2/PP1P1PbP/RNBBR1K1	-
capablanca-bernstein-1911	https://de.wikipedia.org/wiki/Capablanca_–_Bernstein,_San_Sebastián_1911	-	none	-	-	-
levitsky-marshall-1912	https://en.wikipedia.org/wiki/Levitsky_versus_Marshall	https://it.wikipedia.org/wiki/Levitskij_-_Marshall	same-moves	46	5rk1/pp4pp/4p3/2R3Q1/3n4/6qr/P1P2PPP/5RK1	-
ed-lasker-thomas-1912	https://en.wikipedia.org/wiki/Edward_Lasker_versus_Thomas	https://de.wikipedia.org/wiki/Lasker_–_Thomas,_London_1912	same-moves	35	rn3r2/pbppq1p1/1p2pN2/8/3P2NP/6P1/PPPKBP1R/R5k1	-
lasker-capablanca-1914	https://de.wikipedia.org/wiki/Lasker_–_Capablanca,_St._Petersburg_1914	-	none	-	-	-
wcc-1921-game-10	https://de.wikipedia.org/wiki/Schachweltmeisterschaft_1921#10._Partie	https://en.wikipedia.org/wiki/World_Chess_Championship_1921#Game_10:_Lasker–Capablanca_0-1	same-position	136	8/8/5p2/3k2p1/3pn1P1/7P/r7/2R2KN1	-
bogoljubov-alekhine-1922	https://de.wikipedia.org/wiki/Bogoljubow_–_Aljechin,_Hastings_1922	-	none	-	-	-
samisch-nimzowitsch-1923	https://en.wikipedia.org/wiki/Immortal_Zugzwang_Game	https://de.wikipedia.org/wiki/Unsterbliche_Zugzwangpartie	same-moves	50	6k1/3q2p1/p2bp2p/3p1r2/1p1Pp3/3bQ1PP/PP1B1rB1/1N2R1RK	-
reti-alekhine-1925	https://de.wikipedia.org/wiki/Réti_–_Aljechin,_Baden-Baden_1925	-	none	-	-	-
wcc-1927-game-34	https://de.wikipedia.org/wiki/Schachweltmeisterschaft_1927#34._Partie	https://hu.wikipedia.org/wiki/1927-es_sakkvilágbajnokság#A_mérkőzés_játszmái	same-position	163	8/4R3/2k5/7K/5P1P/8/8/7r	-
polish-immortal	https://en.wikipedia.org/wiki/Polish_Immortal	https://es.wikipedia.org/wiki/Anexo:Partidas_inmortales_del_ajedrez	same-moves	44	r4rk1/pp4p1/2p5/3pP1Np/2P3K1/3B2P1/PP5q/R1BQ1RN1	date disputed (1928-1930); de.wikipedia writes 16...Ngxe5+, the same position as en's 16...Ndxe5+
sultan-khan-capablanca-1930	https://en.wikipedia.org/wiki/Sultan_Khan_(chess_player)#Notable_games	https://cs.wikipedia.org/wiki/Sultan_Khan#Některé_partie	same-moves	129	1R6/7p/1P1pknpP/pB1p4/P2Pp1b1/4P1Bq/3K1P2/2R5	-
peruvian-immortal-1934	https://en.wikipedia.org/wiki/Peruvian_Immortal	https://de.wikipedia.org/wiki/Peruanische_Unsterbliche	same-moves	27	2kr2nr/p2n1ppp/B1p1p3/8/1P1P1B2/2N4P/1PPK1PP1/7q	-
wcc-1935-game-26	https://de.wikipedia.org/wiki/Perle_von_Zandvoort	https://en.wikipedia.org/wiki/World_Chess_Championship_1935#Game_26:_Euwe–Alekhine,_1–0	same-moves	93	8/p3r3/4R2p/1ppP2k1/2P1N3/8/PP1r3P/7K	-
botvinnik-capablanca-1938	https://de.wikipedia.org/wiki/Botwinnik_–_Capablanca,_Rotterdam_1938	https://fr.wikipedia.org/wiki/Botvinnik-Capablanca,_AVRO_1938	same-moves	81	6k1/p3P2p/1p3Q2/3p3K/2pP2P1/1nP5/7P/4q3	-
uruguayan-immortal-1943	https://en.wikipedia.org/wiki/Uruguayan_Immortal	https://de.wikipedia.org/wiki/Uruguayische_Unsterbliche	same-moves	66	6k1/5ppp/4p3/p7/PpP1Pqn1/5bBP/4B2K/R3R1Q1	-
wcc-1951-game-23	https://de.wikipedia.org/wiki/Schachweltmeisterschaft_1951#23._Partie	https://hu.wikipedia.org/wiki/1951-es_sakkvilágbajnokság#A_világbajnoki_döntő_játszmái	same-moves	113	2n5/1p2n3/1p4k1/3p2Bp/P2P3P/2K2B2/8/8	-
botvinnik-smyslov-1954-game-14	https://de.wikipedia.org/wiki/Botwinnik_–_Smyslow,_Moskau_1954,_14._Wettkampfpartie	-	none	-	-	-
game-of-the-century-1956	https://en.wikipedia.org/wiki/Game_of_the_Century_(chess)	https://de.wikipedia.org/wiki/Partie_des_Jahrhunderts	same-moves	82	1Q6/5pk1/2p3p1/1p2N2p/1b5P/1bn5/2r3P1/2K5	-
wcc-1960-game-1	https://de.wikipedia.org/wiki/Schachweltmeisterschaft_1960	https://hu.wikipedia.org/wiki/1960-as_sakkvilágbajnokság#A_világbajnoki_döntő_játszmái	same-moves	63	6q1/p1k5/1pb3n1/5pBP/3R4/P3P3/6P1/3QK3	-
wcc-1960-game-6	https://de.wikipedia.org/wiki/Schachweltmeisterschaft_1960#6._Partie	https://hu.wikipedia.org/wiki/1960-as_sakkvilágbajnokság#A_világbajnoki_döntő_játszmái	prefix	41	2r3k1/pp4bp/3p2p1/3Ppb1n/1qr5/2N1B1PP/PP2QPBK/R1R5	-
wcc-1961-game-21	https://de.wikipedia.org/wiki/Schachweltmeisterschaft_1961#21._Partie	https://ru.wikipedia.org/wiki/Матч_за_звание_чемпиона_мира_по_шахматам_1961#Примечательные_партии	prefix	22	r1bq1rk1/1pp3bp/p2p1np1/3Ppp1n/2P1P3/2N1BP2/PP1QN1PP/1K1R1B1R	-
wcc-1963-game-19	https://de.wikipedia.org/wiki/Schachweltmeisterschaft_1963#19._Partie	https://hu.wikipedia.org/wiki/1963-as_sakkvilágbajnokság#A_világbajnoki_döntő_játszmái	same-moves	131	8/1P6/3b4/B4k2/P3p1p1/8/5PK1/8	-
wcc-1966-game-10	https://de.wikipedia.org/wiki/Schachweltmeisterschaft_1966#10._Partie	https://hu.wikipedia.org/wiki/1966-os_sakkvilágbajnokság#A_világbajnoki_döntő_játszmái	same-moves	59	6kQ/5r1p/p2N4/nppP2q1/2P5/1P2N3/P6P/7K	-
wcc-1969-game-19	https://de.wikipedia.org/wiki/Schachweltmeisterschaft_1969#19._Partie	https://hu.wikipedia.org/wiki/1969-es_sakkvilágbajnokság#A_világbajnoki_döntő_játszmái	same-moves	47	r2qrb1k/1p1b2p1/p3p1Qp/6Nn/3p4/1B6/PPP4P/1K3RR1	-
spassky-bronstein-1960	https://de.wikipedia.org/wiki/Spasski_–_Bronstein,_UdSSR-Meisterschaft_1960	-	none	-	-	-
sundin-andersson-1964	https://de.wikipedia.org/wiki/Unsterbliche_Fernpartie	-	none	-	-	-
larsen-spassky-1970	https://de.wikipedia.org/wiki/Larsen_–_Spasski,_Belgrad_1970	-	none	-	-	-
wcc-1972-game-6	https://en.wikipedia.org/wiki/World_Chess_Championship_1972#Game_6	https://de.wikipedia.org/wiki/Schachweltmeisterschaft_1972#6._Partie	same-moves	81	4q2k/2r1r3/4PR1p/p1p5/P1Bp1Q1P/1P6/6P1/6K1	-
wcc-1972-game-13	https://en.wikipedia.org/wiki/World_Chess_Championship_1972#Game_13	https://de.wikipedia.org/wiki/Schachweltmeisterschaft_1972#13._Partie	same-moves	148	8/3r4/8/8/3BR3/1p6/pK3p2/5k2	-
bagirov-gufeld-1973	https://de.wikipedia.org/wiki/Bagirow_–_Gufeld,_Kirowabad_1973	https://fr.wikipedia.org/wiki/Edouard_Goufeld	prefix	64	7k/2p2Q1p/p2p4/1q1n3P/3PP1P1/2pK4/8/3R2R1	-
wcc-1978-game-32	https://de.wikipedia.org/wiki/Schachweltmeisterschaft_1978#32._Partie	https://hu.wikipedia.org/wiki/1978-as_sakkvilágbajnokság#A_világbajnoki_döntő_játszmái	same-moves	82	q5r1/1r1bppkp/1P3np1/n5N1/2P5/4Q1NP/3R1PP1/4RBK1	-
wcc-1984-game-32	https://de.wikipedia.org/wiki/Schachweltmeisterschaft_1984#32._Partie	-	none	-	-	-
wcc-1985-game-16	https://en.wikipedia.org/wiki/Karpov–Kasparov_rivalry#Game_16	https://en.wikipedia.org/wiki/World_Chess_Championship_1985#Game_16_–_Kasparov's_masterpiece	same-moves	80	8/5pk1/7p/8/1p4P1/1P1R2P1/3N1qBP/3Nr2K	-
wcc-1985-game-24	https://de.wikipedia.org/wiki/Schachweltmeisterschaft_1985#24._Partie	-	none	-	-	-
wcc-1986-game-16	https://de.wikipedia.org/wiki/Schachweltmeisterschaft_1986/Partien#16._Partie	https://en.wikipedia.org/wiki/World_Chess_Championship_1986#Game_16:_Kasparov-Karpov,_1-0	same-moves	81	1r6/3P1N2/b7/3kn3/5Q2/3p3P/5PPK/8	-
wcc-1986-game-22	https://en.wikipedia.org/wiki/World_Chess_Championship_1986#Game_22	https://de.wikipedia.org/wiki/Schachweltmeisterschaft_1986/Partien#22._Partie	prefix	57	rq4k1/5pp1/6b1/p2pN2p/3P3P/P3Q3/5PP1/4R1K1	-
wcc-1990-game-20	https://de.wikipedia.org/wiki/Schachweltmeisterschaft_1990#20._Partie	https://en.wikipedia.org/wiki/World_Chess_Championship_1990#Game_20:_Kasparov-Karpov,_1-0	same-moves	81	1R6/4bk2/3p4/p2B4/Pn6/6RP/1p3PPK/8	-
wcc-1987-game-24	https://de.wikipedia.org/wiki/Schachweltmeisterschaft_1987#24._Partie	https://ru.wikipedia.org/wiki/Матч_за_звание_чемпиона_мира_по_шахматам_1987#Примечательные_партии	prefix	26	r2q1rk1/1bpn1ppp/1p1np3/p2p4/2P5/1P1PPNP1/PQ2NPBP/R4RK1	-
ivanchuk-yusupov-1991	https://de.wikipedia.org/wiki/Iwantschuk_–_Jussupow,_Brüssel_1991	-	none	-	-	-
kasparovs-immortal-1999	https://en.wikipedia.org/wiki/Kasparov's_Immortal	https://de.wikipedia.org/wiki/Kasparow_–_Topalow,_Wijk_aan_Zee_1999	same-moves	87	8/Q6p/6p1/5p2/5P2/2p3P1/3r3P/2K1k3	-
kasparov-vs-the-world-1999	https://en.wikipedia.org/wiki/Kasparov_versus_the_World	https://de.wikipedia.org/wiki/Kasparov_versus_the_World	same-moves	123	8/6P1/5K2/8/3pq3/8/5Q2/2k5	-
anand-radjabov-2003	https://de.wikipedia.org/wiki/Anand_–_Rəcəbov,_Dortmund_2003	-	none	-	-	-
wcc-2006-game-2	https://de.wikipedia.org/wiki/Schachweltmeisterschaft_2006/Partien#2._Partie	https://en.wikipedia.org/wiki/World_Chess_Championship_2006#Game_2,_Topalov–Kramnik,_0–1	same-moves	126	2k5/8/3P1K2/2N5/1p6/4r3/8/8	-
wcc-2006-tiebreak-4	https://de.wikipedia.org/wiki/Schachweltmeisterschaft_2006/Partien#4._Schnellschachpartie	https://en.wikipedia.org/wiki/World_Chess_Championship_2006#Game_16,_Kramnik–Topalov,_1–0	same-position	89	8/rRk2ppp/P3p1b1/R1r5/8/4KP2/6PP/5B2	en.wikipedia's Game 16 writes one move differently and reaches the same final position
wcc-2008-game-6	https://en.wikipedia.org/wiki/World_Chess_Championship_2008#Game_6	https://ca.wikipedia.org/wiki/Campionat_del_món_d'escacs_de_2008#Partida_6,_Anand–Kramnik,_1–0	same-moves	93	6Q1/6Bp/1n3k2/4n3/p7/P1r4P/8/4K3	-
wcc-2010-game-12	https://de.wikipedia.org/wiki/Schachweltmeisterschaft_2010#12._Partie	https://bg.wikipedia.org/wiki/Световно_първенство_по_шахмат_2010#Партия_12:_Топалов_–_Ананд_(0—1)	same-moves	112	8/5Nqk/3R4/p6p/P1p5/6PK/8/8	-
wcc-2012-game-8	https://en.wikipedia.org/wiki/World_Chess_Championship_2012#Game_8	https://ca.wikipedia.org/wiki/Campionat_del_món_d'escacs_de_2012#Partida_8,_21_de_maig:_Guélfand-Anand_1-0	same-moves	33	rn2r1k1/pp3p1p/3p2p1/2pP3P/2P5/2N5/PPK2Q1P/1R3B1q	-
anands-immortal-2013	https://en.wikipedia.org/wiki/Anand's_Immortal	-	none	-	-	-
wcc-2013-game-5	https://en.wikipedia.org/wiki/World_Chess_Championship_2013#Game_5	https://de.wikipedia.org/wiki/Schachweltmeisterschaft_2013#5._Partie	same-moves	115	8/P6R/8/2k5/2p4P/2K5/r7/8	-
wcc-2013-game-6	https://en.wikipedia.org/wiki/World_Chess_Championship_2013#Game_6	https://ca.wikipedia.org/wiki/Campionat_del_món_d'escacs_de_2013#Partida_6,_Anand–Carlsen,_0–1	same-moves	134	R7/8/7p/8/1PP2k2/7P/5p1K/6r1	-
wcc-2013-game-9	https://en.wikipedia.org/wiki/World_Chess_Championship_2013#Game_9	https://ca.wikipedia.org/wiki/Campionat_del_món_d'escacs_de_2013#Partida_9,_Anand–Carlsen,_0–1	same-moves	56	2bqnrk1/5p1p/5PpQ/3pP1P1/2pP1R2/2P5/6BP/4qNK1	-
wcc-2014-game-11	https://en.wikipedia.org/wiki/World_Chess_Championship_2014#Game_11	https://de.wikipedia.org/wiki/Schachweltmeisterschaft_2014#11._Partie	same-moves	89	8/4b3/4P3/1k4P1/8/ppK5/8/4R3	-
wcc-2016-game-10	https://en.wikipedia.org/wiki/World_Chess_Championship_2016#Game_10	https://de.wikipedia.org/wiki/Schachweltmeisterschaft_2016#10._Partie	same-moves	149	7r/kp6/5K2/P2R3p/7P/6P1/8/8	-
wcc-2016-tiebreak-4	https://de.wikipedia.org/wiki/Schachweltmeisterschaft_2016#Schnellschach-Partie_4	https://en.wikipedia.org/wiki/World_Chess_Championship_2016	prefix	99	2R5/4bppk/1p1p3Q/5R1P/4P3/5P2/r4q1P/7K	-
wcc-2018-tiebreak-3	https://de.wikipedia.org/wiki/Schachweltmeisterschaft_2018#Schnellschach-Partie_3	https://en.wikipedia.org/wiki/World_Chess_Championship_2018#Game_15:_Carlsen–Caruana,_1–0	same-moves	101	8/6pk/p6p/2Q5/PP1n1pQ1/4q2P/6BK/8	-
wcc-2021-game-6	https://en.wikipedia.org/wiki/Carlsen_versus_Nepomniachtchi,_World_Chess_Championship_2021,_Game_6	https://de.wikipedia.org/wiki/Schachweltmeisterschaft_2021/Partien#6._Partie	same-moves	271	3k4/5RN1/4P3/5P2/7K/8/8/6q1	-
wcc-2021-game-8	https://de.wikipedia.org/wiki/Schachweltmeisterschaft_2021/Partien#8._Partie	https://en.wikipedia.org/wiki/World_Chess_Championship_2021#Game_8:_Carlsen–Nepomniachtchi,_1–0	same-moves	91	8/7k/8/3P4/6P1/1P2qQ1p/6P1/7K	-
wcc-2023-game-4	https://de.wikipedia.org/wiki/Schachweltmeisterschaft_2023/Partien#4._Partie	https://en.wikipedia.org/wiki/World_Chess_Championship_2023#Game_4:_Ding–Nepomniachtchi,_1–0	same-moves	93	4qQ2/p3P3/1p2k1r1/6pp/2P5/6PP/P7/3R2K1	-
wcc-2023-game-12	https://de.wikipedia.org/wiki/Schachweltmeisterschaft_2023/Partien#12._Partie	https://en.wikipedia.org/wiki/World_Chess_Championship_2023#Game_12:_Ding–Nepomniachtchi,_1–0	same-moves	75	1b3rk1/p6p/3PR1n1/5p1q/P4p2/2Q4P/1P3PB1/6RK	-
wcc-2023-tiebreak-4	https://de.wikipedia.org/wiki/Schachweltmeisterschaft_2023/Partien#4._Partie	https://en.wikipedia.org/wiki/World_Chess_Championship_2023#Game_18:_Nepomniachtchi–Ding,_0–1	same-moves	136	8/6pk/8/5q1P/5b2/4B1p1/Q1p5/5K2	-
wcc-2024-game-1	https://de.wikipedia.org/wiki/Schachweltmeisterschaft_2024/Partien#1._Partie	https://en.wikipedia.org/wiki/World_Chess_Championship_2024#Game_1:_Gukesh–Ding,_0–1	same-moves	84	7k/1p4p1/3BB2p/3p4/1P2b2P/p2nQ1K1/q7/8	-
wcc-2024-game-3	https://de.wikipedia.org/wiki/Schachweltmeisterschaft_2024/Partien#3._Partie	https://en.wikipedia.org/wiki/World_Chess_Championship_2024#Game_3:_Gukesh–Ding,_1–0	same-moves	74	4k3/1p1r4/p1p3p1/5p1r/3bPB2/1P3K1B/8/3R3R	-
wcc-2024-game-11	https://de.wikipedia.org/wiki/Schachweltmeisterschaft_2024/Partien#11._Partie	https://en.wikipedia.org/wiki/World_Chess_Championship_2024#Game_11:_Gukesh–Ding,_1–0	same-moves	57	1rq3k1/1p2rp2/2Q1p1pb/pRN4p/P1Pp4/3P2PP/5PB1/1R4K1	-
wcc-2024-game-14	https://de.wikipedia.org/wiki/Schachweltmeisterschaft_2024/Partien#14._Partie	https://en.wikipedia.org/wiki/World_Chess_Championship_2024#Game_14:_Ding–Gukesh,_0–1	same-moves	116	8/8/8/4kp2/6p1/4K1P1/8/8	-
deep-blue-kasparov-1996-game-1	https://en.wikipedia.org/wiki/Deep_Blue_versus_Kasparov,_1996,_Game_1	https://de.wikipedia.org/wiki/Deep_Blue_–_Kasparow,_Philadelphia_1996,_1._Wettkampfpartie	same-moves	73	8/7R/5q1k/3Q2N1/3p4/PP3pPP/5n1K/4r3	-
kasparov-deep-blue-1996-game-2	https://es.wikipedia.org/wiki/Deep_Blue_versus_Garri_Kasparov	https://ca.wikipedia.org/wiki/Deep_Blue_contra_Garri_Kaspàrov#1996_Partida_2	same-moves	145	8/2k5/8/1B6/3p1P1P/4b1P1/8/5K2	-
kasparov-deep-blue-1996-game-6	https://es.wikipedia.org/wiki/Deep_Blue_versus_Garri_Kasparov#1996_6ª_partida_Kasparov_contra_Deep_Blue	https://ca.wikipedia.org/wiki/Deep_Blue_contra_Garri_Kaspàrov#1996_Partida_6	same-moves	85	rbr5/1q3p2/pPp1pBpk/P1QpP2p/1R5P/6P1/5P2/2R3K1	-
kasparov-deep-blue-1997-game-1	https://es.wikipedia.org/wiki/Deep_Blue_versus_Garri_Kasparov	https://ca.wikipedia.org/wiki/Deep_Blue_contra_Garri_Kaspàrov#El_matx_de_revenja_de_1997	same-moves	89	4r3/6P1/2p2P1k/1p6/pP2p1R1/P1B5/2P2K2/3r4	-
deep-blue-kasparov-1997-game-6	https://en.wikipedia.org/wiki/Deep_Blue_versus_Kasparov,_1997,_Game_6	https://ru.wikipedia.org/wiki/Deep_Blue_—_Каспаров_(1997,_партия_6)	same-moves	37	r1k4r/p2nb1p1/2b4p/1p1n1p2/2PP4/3Q1NB1/1P3PPP/R5K1	-
